timestamp,action,order_id,side,type,price,quantity
1,ADD,1,SELL,LIMIT,10032,189
2,ADD,2,SELL,MARKET,0,72
3,ADD,3,SELL,LIMIT,9962,94
4,ADD,4,SELL,LIMIT,9980,61
5,CANCEL,3,SELL,LIMIT,9962,94
6,ADD,5,SELL,LIMIT,10018,25
7,ADD,6,SELL,LIMIT,9982,23
8,CANCEL,5,SELL,LIMIT,10018,25
9,ADD,7,SELL,LIMIT,9995,125
10,CANCEL,7,SELL,LIMIT,9995,125
11,ADD,8,BUY,LIMIT,10006,44
12,ADD,9,BUY,LIMIT,9969,27
13,ADD,10,SELL,LIMIT,9996,115
14,ADD,11,SELL,MARKET,0,60
15,ADD,12,SELL,LIMIT,10042,115
16,ADD,13,SELL,LIMIT,10054,74
17,ADD,14,SELL,LIMIT,9993,87
18,ADD,15,SELL,LIMIT,9993,71
19,CANCEL,12,SELL,LIMIT,10042,115
20,ADD,16,BUY,LIMIT,10008,51
21,ADD,17,SELL,LIMIT,10044,32
22,ADD,18,BUY,LIMIT,10034,154
23,ADD,19,SELL,LIMIT,10053,44
24,ADD,20,BUY,LIMIT,10005,58
25,CANCEL,19,SELL,LIMIT,10053,44
26,ADD,21,SELL,LIMIT,10006,85
27,ADD,22,BUY,MARKET,0,61
28,ADD,23,BUY,LIMIT,10009,146
29,ADD,24,SELL,LIMIT,10033,50
30,ADD,25,SELL,LIMIT,10041,84
31,ADD,26,SELL,LIMIT,10017,84
32,ADD,27,BUY,LIMIT,10010,69
33,ADD,28,BUY,LIMIT,9996,166
34,ADD,29,BUY,LIMIT,9972,51
35,ADD,30,SELL,MARKET,0,9
36,ADD,31,SELL,LIMIT,9984,103
37,ADD,32,SELL,LIMIT,10008,28
38,ADD,33,BUY,LIMIT,10019,64
39,ADD,34,BUY,LIMIT,9964,56
40,ADD,35,BUY,LIMIT,9998,66
41,CANCEL,23,BUY,LIMIT,10009,1
42,ADD,36,BUY,LIMIT,9984,66
43,ADD,37,SELL,LIMIT,9995,82
44,ADD,38,BUY,LIMIT,10037,77
45,ADD,39,SELL,LIMIT,10038,69
46,ADD,40,BUY,LIMIT,10045,1
47,ADD,41,BUY,LIMIT,10015,65
48,ADD,42,SELL,MARKET,0,102
49,ADD,43,BUY,LIMIT,10005,41
50,ADD,44,SELL,LIMIT,10034,118
51,CANCEL,28,BUY,LIMIT,9996,113
52,ADD,45,BUY,LIMIT,9969,125
53,ADD,46,SELL,LIMIT,9990,105
54,ADD,47,SELL,LIMIT,9961,47
55,CANCEL,25,SELL,LIMIT,10041,84
56,ADD,48,SELL,LIMIT,9996,50
57,ADD,49,SELL,LIMIT,9989,95
58,ADD,50,SELL,LIMIT,9973,35
59,ADD,51,SELL,LIMIT,10002,85
60,ADD,52,BUY,LIMIT,9949,76
61,ADD,53,BUY,LIMIT,9972,51
62,ADD,54,SELL,MARKET,0,40
63,ADD,55,BUY,LIMIT,9921,67
64,ADD,56,SELL,LIMIT,9990,68
65,ADD,57,SELL,LIMIT,9959,111
66,CANCEL,51,SELL,LIMIT,10002,85
67,ADD,58,BUY,LIMIT,9954,56
68,ADD,59,SELL,LIMIT,9974,38
69,ADD,60,SELL,LIMIT,9948,105
70,ADD,61,BUY,LIMIT,9935,89
71,ADD,62,SELL,LIMIT,9934,1
72,ADD,63,BUY,LIMIT,9937,78
73,ADD,64,BUY,LIMIT,9903,20
74,ADD,65,SELL,LIMIT,9961,74
75,ADD,66,BUY,LIMIT,9919,90
76,ADD,67,BUY,LIMIT,9916,126
77,ADD,68,BUY,LIMIT,9977,99
78,ADD,69,SELL,LIMIT,9988,95
79,CANCEL,13,SELL,LIMIT,10054,74
80,ADD,70,SELL,LIMIT,9939,123
81,ADD,71,SELL,LIMIT,9973,35
82,CANCEL,66,BUY,LIMIT,9919,90
83,ADD,72,BUY,LIMIT,9890,44
84,ADD,73,SELL,LIMIT,9961,25
85,ADD,74,SELL,LIMIT,9954,117
86,ADD,75,SELL,LIMIT,9942,46
87,ADD,76,BUY,LIMIT,9908,71
88,CANCEL,39,SELL,LIMIT,10038,69
89,ADD,77,BUY,LIMIT,9912,75
90,ADD,78,BUY,LIMIT,9878,57
91,ADD,79,BUY,LIMIT,9896,74
92,ADD,80,BUY,LIMIT,9921,41
93,ADD,81,BUY,LIMIT,9908,42
94,ADD,82,SELL,LIMIT,9951,19
95,ADD,83,BUY,LIMIT,9886,61
96,ADD,84,SELL,LIMIT,9897,103
97,ADD,85,BUY,LIMIT,9933,54
98,CANCEL,71,SELL,LIMIT,9973,35
99,ADD,86,SELL,LIMIT,9893,172
100,ADD,87,SELL,LIMIT,9950,39
101,ADD,88,BUY,LIMIT,9917,130
102,CANCEL,49,SELL,LIMIT,9989,95
103,ADD,89,SELL,MARKET,0,51
104,ADD,90,SELL,LIMIT,9978,1
105,ADD,91,SELL,MARKET,0,34
106,ADD,92,SELL,LIMIT,9979,74
107,ADD,93,SELL,LIMIT,10011,41
108,ADD,94,BUY,LIMIT,9971,114
109,ADD,95,BUY,MARKET,0,65
110,ADD,96,SELL,LIMIT,10002,51
111,CANCEL,24,SELL,LIMIT,10033,50
112,ADD,97,SELL,LIMIT,9979,68
113,ADD,98,BUY,LIMIT,9988,28
114,CANCEL,1,SELL,LIMIT,10032,131
115,ADD,99,BUY,LIMIT,10020,110
116,ADD,100,BUY,LIMIT,9963,55
117,ADD,101,SELL,LIMIT,9986,84
118,CANCEL,77,BUY,LIMIT,9912,75
119,ADD,102,BUY,LIMIT,10004,88
120,ADD,103,BUY,LIMIT,9950,78
121,ADD,104,BUY,LIMIT,9944,52
122,ADD,105,BUY,MARKET,0,52
123,ADD,106,SELL,LIMIT,10002,91
124,ADD,107,BUY,MARKET,0,116
125,CANCEL,44,SELL,LIMIT,10034,118
126,ADD,108,BUY,LIMIT,9984,50
127,ADD,109,BUY,LIMIT,9994,70
128,ADD,110,SELL,LIMIT,10012,131
129,ADD,111,SELL,LIMIT,9991,118
130,ADD,112,SELL,LIMIT,9981,120
131,ADD,113,BUY,LIMIT,10036,63
132,ADD,114,SELL,LIMIT,10017,103
133,ADD,115,BUY,LIMIT,9972,86
134,ADD,116,BUY,LIMIT,9952,126
135,ADD,117,BUY,LIMIT,9967,126
136,CANCEL,114,SELL,LIMIT,10017,103
137,ADD,118,SELL,LIMIT,9997,31
138,ADD,119,SELL,LIMIT,9975,62
139,ADD,120,SELL,LIMIT,9963,103
140,ADD,121,BUY,LIMIT,9954,106
141,ADD,122,BUY,LIMIT,9926,185
142,ADD,123,BUY,LIMIT,9895,80
143,ADD,124,BUY,LIMIT,9950,56
144,ADD,125,SELL,LIMIT,9932,105
145,ADD,126,SELL,LIMIT,9878,106
146,ADD,127,BUY,MARKET,0,122
147,ADD,128,SELL,LIMIT,9941,30
148,ADD,129,SELL,LIMIT,9923,54
149,ADD,130,SELL,LIMIT,9883,101
150,ADD,131,SELL,LIMIT,9896,50
151,CANCEL,48,SELL,LIMIT,9996,50
152,CANCEL,64,BUY,LIMIT,9903,20
153,ADD,132,SELL,LIMIT,9935,88
154,ADD,133,SELL,LIMIT,9927,103
155,ADD,134,SELL,LIMIT,9891,143
156,CANCEL,111,SELL,LIMIT,9991,116
157,ADD,135,SELL,LIMIT,9910,79
158,ADD,136,BUY,LIMIT,9865,124
159,ADD,137,BUY,LIMIT,9909,99
160,ADD,138,SELL,LIMIT,9839,143
161,ADD,139,SELL,LIMIT,9909,119
162,CANCEL,133,SELL,LIMIT,9927,55
163,ADD,140,BUY,LIMIT,9848,151
164,CANCEL,72,BUY,LIMIT,9890,44
165,ADD,141,SELL,LIMIT,9889,107
166,ADD,142,SELL,LIMIT,9862,76
167,ADD,143,BUY,LIMIT,9803,119
168,ADD,144,BUY,LIMIT,9815,71
169,ADD,145,BUY,LIMIT,9864,90
170,ADD,146,BUY,LIMIT,9834,88
171,ADD,147,BUY,LIMIT,9869,43
172,ADD,148,BUY,LIMIT,9826,41
173,ADD,149,BUY,LIMIT,9829,101
174,ADD,150,SELL,LIMIT,9852,54
175,ADD,151,BUY,LIMIT,9846,47
176,ADD,152,BUY,LIMIT,9814,54
177,ADD,153,BUY,MARKET,0,37
178,ADD,154,SELL,LIMIT,9826,33
179,ADD,155,BUY,LIMIT,9853,84
180,ADD,156,BUY,LIMIT,9779,57
181,ADD,157,BUY,LIMIT,9788,1
182,ADD,158,BUY,LIMIT,9781,50
183,ADD,159,SELL,LIMIT,9797,90
184,ADD,160,BUY,LIMIT,9809,134
185,ADD,161,BUY,LIMIT,9833,42
186,ADD,162,BUY,LIMIT,9784,85
187,ADD,163,SELL,LIMIT,9804,60
188,ADD,164,BUY,LIMIT,9786,1
189,ADD,165,BUY,LIMIT,9807,40
190,ADD,166,BUY,LIMIT,9804,108
191,ADD,167,SELL,LIMIT,9837,75
192,CANCEL,157,BUY,LIMIT,9788,1
193,ADD,168,SELL,LIMIT,9863,62
194,ADD,169,BUY,LIMIT,9879,78
195,CANCEL,93,SELL,LIMIT,10011,41
196,ADD,170,SELL,LIMIT,9906,22
197,ADD,171,BUY,LIMIT,9910,61
198,ADD,172,SELL,LIMIT,9912,18
199,ADD,173,BUY,LIMIT,9854,66
200,CANCEL,158,BUY,LIMIT,9781,50
201,CANCEL,143,BUY,LIMIT,9803,119
202,ADD,174,BUY,LIMIT,9941,70
203,ADD,175,BUY,LIMIT,9876,12
204,ADD,176,BUY,LIMIT,9928,52
205,ADD,177,BUY,LIMIT,9947,122
206,ADD,178,SELL,LIMIT,9970,123
207,ADD,179,BUY,MARKET,0,40
208,ADD,180,SELL,LIMIT,9973,27
209,CANCEL,155,BUY,LIMIT,9853,84
210,ADD,181,SELL,MARKET,0,57
211,ADD,182,BUY,LIMIT,9933,54
212,CANCEL,146,BUY,LIMIT,9834,88
213,CANCEL,151,BUY,LIMIT,9846,47
214,ADD,183,SELL,LIMIT,9899,107
215,ADD,184,BUY,LIMIT,9914,70
216,ADD,185,BUY,LIMIT,9941,109
217,CANCEL,96,SELL,LIMIT,10002,45
218,ADD,186,BUY,LIMIT,9922,114
219,CANCEL,165,BUY,LIMIT,9807,40
220,ADD,187,SELL,LIMIT,9948,131
221,ADD,188,SELL,LIMIT,9921,20
222,ADD,189,SELL,LIMIT,9919,69
223,CANCEL,171,BUY,LIMIT,9910,39
224,ADD,190,BUY,LIMIT,9888,113
225,ADD,191,SELL,LIMIT,9940,103
226,ADD,192,SELL,LIMIT,9905,70
227,ADD,193,BUY,LIMIT,9880,91
228,CANCEL,191,SELL,LIMIT,9940,73
229,ADD,194,SELL,LIMIT,9924,74
230,ADD,195,BUY,LIMIT,9912,100
231,ADD,196,BUY,LIMIT,9973,75
232,CANCEL,169,BUY,LIMIT,9879,78
233,ADD,197,BUY,LIMIT,9930,41
234,ADD,198,SELL,LIMIT,9933,89
235,ADD,199,BUY,LIMIT,9983,103
236,ADD,200,SELL,LIMIT,9979,9
237,ADD,201,BUY,LIMIT,10009,43
238,CANCEL,106,SELL,LIMIT,10002,91
239,ADD,202,SELL,LIMIT,9933,92
240,CANCEL,202,SELL,LIMIT,9933,92
241,CANCEL,200,SELL,LIMIT,9979,9
242,ADD,203,SELL,LIMIT,9933,73
243,CANCEL,187,SELL,LIMIT,9948,37
244,ADD,204,BUY,LIMIT,9985,86
245,ADD,205,BUY,LIMIT,9942,100
246,ADD,206,BUY,LIMIT,9923,52
247,ADD,207,BUY,LIMIT,9971,66
248,ADD,208,BUY,LIMIT,9934,99
249,CANCEL,178,SELL,LIMIT,9970,4
250,ADD,209,SELL,LIMIT,10001,85
251,ADD,210,SELL,LIMIT,9979,94
252,ADD,211,BUY,LIMIT,9929,30
253,ADD,212,BUY,LIMIT,9944,110
254,ADD,213,SELL,MARKET,0,13
255,CANCEL,144,BUY,LIMIT,9815,71
256,ADD,214,SELL,LIMIT,9972,64
257,ADD,215,BUY,LIMIT,9892,72
258,ADD,216,SELL,LIMIT,9904,56
259,ADD,217,SELL,LIMIT,9943,122
260,ADD,218,SELL,LIMIT,9918,105
261,ADD,219,BUY,LIMIT,9901,39
262,ADD,220,BUY,LIMIT,9889,72
263,ADD,221,SELL,LIMIT,9937,111
264,CANCEL,136,BUY,LIMIT,9865,20
265,ADD,222,SELL,LIMIT,9934,133
266,CANCEL,222,SELL,LIMIT,9934,39
267,ADD,223,SELL,LIMIT,9934,113
268,ADD,224,SELL,LIMIT,9950,109
269,ADD,225,SELL,LIMIT,9931,77
270,ADD,226,BUY,LIMIT,9901,73
271,ADD,227,SELL,LIMIT,9967,132
272,ADD,228,SELL,LIMIT,9973,55
273,ADD,229,BUY,LIMIT,9977,13
274,ADD,230,SELL,LIMIT,9955,61
275,ADD,231,BUY,LIMIT,9961,87
276,CANCEL,148,BUY,LIMIT,9826,41
277,ADD,232,SELL,LIMIT,9988,79
278,ADD,233,SELL,LIMIT,9968,121
279,CANCEL,193,BUY,LIMIT,9880,91
280,ADD,234,SELL,LIMIT,9992,86
281,ADD,235,SELL,LIMIT,9977,74
282,ADD,236,BUY,LIMIT,9951,58
283,ADD,237,BUY,LIMIT,9993,36
284,CANCEL,156,BUY,LIMIT,9779,57
285,ADD,238,BUY,LIMIT,9951,81
286,ADD,239,SELL,LIMIT,10016,98
287,ADD,240,SELL,LIMIT,10034,122
288,CANCEL,217,SELL,LIMIT,9943,81
289,CANCEL,226,BUY,LIMIT,9901,73
290,ADD,241,SELL,LIMIT,10041,139
291,ADD,242,BUY,LIMIT,10038,57
292,ADD,243,SELL,LIMIT,10060,56
293,CANCEL,227,SELL,LIMIT,9967,132
294,ADD,244,SELL,MARKET,0,1
295,ADD,245,SELL,MARKET,0,12
296,CANCEL,175,BUY,LIMIT,9876,12
297,ADD,246,BUY,LIMIT,10006,20
298,ADD,247,BUY,LIMIT,9998,65
299,ADD,248,BUY,MARKET,0,83
300,ADD,249,BUY,LIMIT,10009,11
301,ADD,250,SELL,LIMIT,10026,31
302,ADD,251,BUY,LIMIT,10001,69
303,ADD,252,SELL,MARKET,0,107
304,ADD,253,SELL,LIMIT,10019,6
305,ADD,254,BUY,LIMIT,9996,94
306,ADD,255,SELL,LIMIT,10037,57
307,ADD,256,SELL,LIMIT,10050,64
308,ADD,257,SELL,LIMIT,10050,85
309,ADD,258,BUY,LIMIT,10003,36
310,CANCEL,241,SELL,LIMIT,10041,139
311,ADD,259,SELL,LIMIT,10051,33
312,CANCEL,110,SELL,LIMIT,10012,131
313,ADD,260,SELL,LIMIT,10032,13
314,ADD,261,SELL,LIMIT,10047,75
315,CANCEL,261,SELL,LIMIT,10047,75
316,ADD,262,BUY,MARKET,0,84
317,ADD,263,BUY,LIMIT,10020,24
318,ADD,264,BUY,MARKET,0,59
319,ADD,265,BUY,LIMIT,10049,5
320,ADD,266,SELL,LIMIT,10050,103
321,ADD,267,SELL,LIMIT,10053,40
322,ADD,268,BUY,LIMIT,9995,71
323,ADD,269,BUY,LIMIT,10047,136
324,ADD,270,SELL,LIMIT,10025,142
325,ADD,271,BUY,MARKET,0,52
326,ADD,272,BUY,MARKET,0,63
327,ADD,273,SELL,LIMIT,10012,78
328,CANCEL,267,SELL,LIMIT,10053,40
329,ADD,274,SELL,LIMIT,9952,87
330,CANCEL,17,SELL,LIMIT,10044,32
331,ADD,275,BUY,LIMIT,9965,89
332,ADD,276,BUY,LIMIT,9961,121
333,ADD,277,SELL,LIMIT,10001,73
334,CANCEL,166,BUY,LIMIT,9804,108
335,ADD,278,SELL,MARKET,0,55
336,ADD,279,BUY,LIMIT,9954,68
337,CANCEL,149,BUY,LIMIT,9829,101
338,ADD,280,SELL,LIMIT,9989,57
339,ADD,281,SELL,LIMIT,9967,93
340,ADD,282,SELL,LIMIT,9906,103
341,ADD,283,BUY,LIMIT,9949,84
342,ADD,284,SELL,LIMIT,9943,89
343,ADD,285,BUY,LIMIT,9954,99
344,CANCEL,256,SELL,LIMIT,10050,64
345,ADD,286,SELL,LIMIT,9994,147
346,ADD,287,SELL,LIMIT,9995,46
347,CANCEL,219,BUY,LIMIT,9901,39
348,ADD,288,SELL,LIMIT,9968,7
349,CANCEL,240,SELL,LIMIT,10034,122
350,ADD,289,BUY,MARKET,0,15
351,ADD,290,BUY,MARKET,0,154
352,ADD,291,SELL,LIMIT,9999,32
353,CANCEL,145,BUY,LIMIT,9864,90
354,ADD,292,SELL,LIMIT,9990,80
355,ADD,293,BUY,LIMIT,9934,36
356,ADD,294,BUY,LIMIT,9969,108
357,ADD,295,SELL,LIMIT,9959,81
358,ADD,296,SELL,LIMIT,9961,104
359,ADD,297,SELL,LIMIT,10004,106
360,ADD,298,SELL,LIMIT,9999,103
361,ADD,299,SELL,LIMIT,10024,26
362,ADD,300,SELL,LIMIT,10000,68
363,ADD,301,BUY,LIMIT,9999,111
364,ADD,302,SELL,LIMIT,10031,119
365,ADD,303,BUY,LIMIT,9989,76
366,ADD,304,SELL,LIMIT,9958,101
367,ADD,305,SELL,LIMIT,10022,126
368,ADD,306,SELL,LIMIT,10012,46
369,ADD,307,BUY,LIMIT,9979,72
370,ADD,308,BUY,LIMIT,9959,142
371,ADD,309,BUY,LIMIT,9975,104
372,ADD,310,SELL,LIMIT,9994,44
373,ADD,311,BUY,LIMIT,9960,86
374,ADD,312,BUY,LIMIT,9953,25
375,ADD,313,SELL,LIMIT,10007,171
376,ADD,314,SELL,LIMIT,10003,45
377,ADD,315,BUY,LIMIT,9967,50
378,ADD,316,BUY,LIMIT,9968,107
379,ADD,317,SELL,LIMIT,9972,59
380,ADD,318,SELL,MARKET,0,123
381,ADD,319,BUY,LIMIT,9955,60
382,ADD,320,SELL,LIMIT,9995,115
383,ADD,321,BUY,LIMIT,9944,79
384,ADD,322,BUY,LIMIT,9949,59
385,ADD,323,BUY,LIMIT,9944,58
386,ADD,324,BUY,LIMIT,9936,141
387,ADD,325,SELL,LIMIT,9981,136
388,ADD,326,SELL,LIMIT,9942,54
389,ADD,327,BUY,LIMIT,9976,1
390,ADD,328,BUY,LIMIT,9946,25
391,ADD,329,BUY,LIMIT,9991,30
392,ADD,330,BUY,LIMIT,9981,116
393,ADD,331,BUY,LIMIT,9970,30
394,ADD,332,BUY,LIMIT,10013,99
395,ADD,333,SELL,LIMIT,9989,48
396,ADD,334,BUY,LIMIT,9924,58
397,ADD,335,BUY,LIMIT,9926,81
398,ADD,336,SELL,LIMIT,9985,86
399,ADD,337,SELL,LIMIT,9951,13
400,ADD,338,BUY,LIMIT,9920,129
401,ADD,339,BUY,LIMIT,9898,51
402,ADD,340,BUY,LIMIT,9902,19
403,ADD,341,BUY,LIMIT,9981,25
404,CANCEL,250,SELL,LIMIT,10026,31
405,ADD,342,BUY,LIMIT,9917,31
406,ADD,343,BUY,LIMIT,9924,32
407,CANCEL,322,BUY,LIMIT,9949,59
408,ADD,344,BUY,LIMIT,9984,121
409,ADD,345,BUY,LIMIT,9909,71
410,ADD,346,BUY,LIMIT,9945,147
411,CANCEL,293,BUY,LIMIT,9934,36
412,ADD,347,BUY,LIMIT,9934,154
413,CANCEL,310,SELL,LIMIT,9994,44
414,ADD,348,SELL,LIMIT,9969,88
415,ADD,349,SELL,LIMIT,9936,72
416,ADD,350,BUY,LIMIT,9904,70
417,ADD,351,BUY,LIMIT,9905,64
418,ADD,352,BUY,LIMIT,9909,101
419,ADD,353,SELL,LIMIT,9955,46
420,ADD,354,BUY,LIMIT,9878,133
421,ADD,355,SELL,LIMIT,9907,93
422,ADD,356,SELL,LIMIT,9945,74
423,ADD,357,BUY,LIMIT,9857,62
424,ADD,358,SELL,LIMIT,9853,26
425,ADD,359,BUY,LIMIT,9891,81
426,ADD,360,SELL,LIMIT,9891,78
427,ADD,361,SELL,MARKET,0,9
428,CANCEL,354,BUY,LIMIT,9878,133
429,ADD,362,BUY,LIMIT,9883,79
430,CANCEL,220,BUY,LIMIT,9889,72
431,ADD,363,SELL,LIMIT,9924,69
432,ADD,364,BUY,LIMIT,9965,99
433,ADD,365,SELL,LIMIT,9956,24
434,ADD,366,SELL,LIMIT,9995,102
435,CANCEL,277,SELL,LIMIT,10001,73
436,ADD,367,BUY,LIMIT,9941,90
437,ADD,368,BUY,LIMIT,9907,21
438,ADD,369,SELL,LIMIT,9940,88
439,ADD,370,SELL,LIMIT,9917,78
440,ADD,371,BUY,LIMIT,9925,78
441,ADD,372,SELL,LIMIT,9897,1
442,ADD,373,SELL,LIMIT,9892,68
443,CANCEL,306,SELL,LIMIT,10012,46
444,CANCEL,243,SELL,LIMIT,10060,56
445,ADD,374,SELL,MARKET,0,99
446,ADD,375,SELL,LIMIT,9922,49
447,ADD,376,BUY,LIMIT,9917,1
448,ADD,377,SELL,LIMIT,9936,117
449,ADD,378,SELL,LIMIT,9958,97
450,ADD,379,SELL,LIMIT,9981,142
451,ADD,380,BUY,LIMIT,9925,57
452,ADD,381,BUY,MARKET,0,96
453,ADD,382,BUY,MARKET,0,105
454,ADD,383,SELL,LIMIT,9981,94
455,ADD,384,SELL,LIMIT,9959,80
456,ADD,385,SELL,LIMIT,9960,55
457,ADD,386,SELL,LIMIT,9933,189
458,ADD,387,SELL,LIMIT,9962,106
459,ADD,388,BUY,LIMIT,9979,42
460,ADD,389,BUY,LIMIT,9927,80
461,ADD,390,BUY,LIMIT,9921,97
462,CANCEL,253,SELL,LIMIT,10019,6
463,ADD,391,BUY,LIMIT,9934,58
464,ADD,392,BUY,LIMIT,9913,105
465,CANCEL,299,SELL,LIMIT,10024,26
466,ADD,393,SELL,LIMIT,9924,1
467,CANCEL,383,SELL,LIMIT,9981,94
468,ADD,394,SELL,LIMIT,9912,38
469,CANCEL,302,SELL,LIMIT,10031,119
470,ADD,395,BUY,LIMIT,9895,131
471,ADD,396,BUY,LIMIT,9943,60
472,ADD,397,BUY,LIMIT,9957,1
473,ADD,398,SELL,LIMIT,9960,136
474,ADD,399,SELL,LIMIT,9957,69
475,ADD,400,SELL,LIMIT,9924,25
476,ADD,401,BUY,LIMIT,9967,51
477,ADD,402,SELL,LIMIT,9918,89
478,ADD,403,SELL,LIMIT,9982,103
479,ADD,404,SELL,LIMIT,9989,102
480,ADD,405,BUY,LIMIT,9928,24
481,ADD,406,BUY,LIMIT,9915,146
482,ADD,407,BUY,LIMIT,9904,79
483,ADD,408,SELL,LIMIT,9938,88
484,ADD,409,SELL,LIMIT,9973,95
485,ADD,410,BUY,LIMIT,9916,68
486,CANCEL,215,BUY,LIMIT,9892,72
487,ADD,411,SELL,LIMIT,9980,122
488,ADD,412,BUY,MARKET,0,54
489,ADD,413,BUY,LIMIT,9942,90
490,ADD,414,BUY,LIMIT,9941,62
491,ADD,415,BUY,LIMIT,9938,113
492,ADD,416,SELL,LIMIT,10003,1
493,ADD,417,SELL,MARKET,0,30
494,ADD,418,SELL,LIMIT,10026,115
495,CANCEL,184,BUY,LIMIT,9914,70
496,ADD,419,BUY,LIMIT,9978,88
497,ADD,420,BUY,LIMIT,9973,69
498,ADD,421,BUY,LIMIT,9994,37
499,ADD,422,SELL,LIMIT,10015,58
500,ADD,423,BUY,LIMIT,9995,49
501,CANCEL,336,SELL,LIMIT,9985,86
502,ADD,424,SELL,LIMIT,10056,74
503,ADD,425,BUY,LIMIT,10034,32
504,ADD,426,SELL,LIMIT,10019,34
505,ADD,427,SELL,LIMIT,10043,75
506,ADD,428,BUY,LIMIT,9968,120
507,ADD,429,SELL,MARKET,0,49
508,ADD,430,BUY,LIMIT,9945,25
509,ADD,431,SELL,MARKET,0,26
510,ADD,432,SELL,MARKET,0,44
511,ADD,433,SELL,LIMIT,10034,75
512,ADD,434,SELL,LIMIT,9989,26
513,ADD,435,BUY,LIMIT,9997,46
514,ADD,436,BUY,LIMIT,10020,43
515,CANCEL,162,BUY,LIMIT,9784,85
516,CANCEL,335,BUY,LIMIT,9926,81
517,CANCEL,313,SELL,LIMIT,10007,171
518,ADD,437,SELL,LIMIT,10051,68
519,CANCEL,206,BUY,LIMIT,9923,3
520,ADD,438,SELL,LIMIT,10018,131
521,ADD,439,BUY,LIMIT,10002,90
522,CANCEL,270,SELL,LIMIT,10025,142
523,ADD,440,SELL,LIMIT,10043,21
524,ADD,441,SELL,LIMIT,9999,28
525,ADD,442,SELL,LIMIT,10013,92
526,ADD,443,BUY,LIMIT,9990,143
527,ADD,444,BUY,LIMIT,9997,52
528,ADD,445,SELL,LIMIT,9998,101
529,ADD,446,BUY,LIMIT,9978,116
530,ADD,447,BUY,LIMIT,10005,33
531,ADD,448,BUY,LIMIT,9959,82
532,ADD,449,SELL,LIMIT,9991,93
533,ADD,450,BUY,LIMIT,9987,118
534,ADD,451,BUY,LIMIT,10003,118
535,ADD,452,SELL,LIMIT,10015,147
536,ADD,453,SELL,LIMIT,9984,59
537,ADD,454,SELL,LIMIT,9992,43
538,ADD,455,BUY,LIMIT,9941,17
539,ADD,456,BUY,LIMIT,9921,122
540,ADD,457,SELL,LIMIT,9912,24
541,ADD,458,SELL,MARKET,0,24
542,ADD,459,SELL,LIMIT,9973,63
543,ADD,460,BUY,LIMIT,9906,108
544,CANCEL,347,BUY,LIMIT,9934,118
545,ADD,461,SELL,LIMIT,9891,38
546,ADD,462,BUY,LIMIT,9926,76
547,ADD,463,BUY,MARKET,0,48
548,ADD,464,SELL,LIMIT,9895,103
549,ADD,465,SELL,LIMIT,9873,119
550,ADD,466,BUY,LIMIT,9932,72
551,ADD,467,SELL,LIMIT,9928,86
552,ADD,468,BUY,LIMIT,9889,19
553,CANCEL,362,BUY,LIMIT,9883,79
554,CANCEL,452,SELL,LIMIT,10015,147
555,ADD,469,BUY,LIMIT,9904,34
556,ADD,470,SELL,LIMIT,9898,85
557,ADD,471,BUY,LIMIT,9895,78
558,ADD,472,SELL,LIMIT,9907,104
559,ADD,473,BUY,MARKET,0,100
560,ADD,474,BUY,LIMIT,9866,100
561,ADD,475,BUY,LIMIT,9896,123
562,ADD,476,SELL,MARKET,0,46
563,ADD,477,BUY,LIMIT,9912,45
564,ADD,478,SELL,LIMIT,9903,62
565,ADD,479,SELL,LIMIT,9921,30
566,CANCEL,390,BUY,LIMIT,9921,97
567,ADD,480,BUY,LIMIT,9867,151
568,ADD,481,BUY,LIMIT,9864,12
569,ADD,482,SELL,LIMIT,9902,42
570,ADD,483,BUY,LIMIT,9869,87
571,ADD,484,SELL,LIMIT,9836,97
572,ADD,485,SELL,LIMIT,9810,112
573,ADD,486,SELL,LIMIT,9814,68
574,ADD,487,SELL,LIMIT,9825,102
575,ADD,488,SELL,LIMIT,9810,121
576,ADD,489,SELL,LIMIT,9830,129
577,ADD,490,SELL,LIMIT,9804,133
578,ADD,491,SELL,LIMIT,9848,80
579,ADD,492,SELL,LIMIT,9840,36
580,ADD,493,SELL,LIMIT,9807,99
581,ADD,494,SELL,LIMIT,9865,69
582,ADD,495,SELL,LIMIT,9857,43
583,CANCEL,286,SELL,LIMIT,9994,79
584,ADD,496,BUY,LIMIT,9821,31
585,CANCEL,407,BUY,LIMIT,9904,79
586,ADD,497,BUY,LIMIT,9827,98
587,ADD,498,SELL,LIMIT,9868,27
588,ADD,499,BUY,LIMIT,9829,43
589,ADD,500,BUY,LIMIT,9818,42
590,ADD,501,SELL,LIMIT,9840,51
591,CANCEL,257,SELL,LIMIT,10050,85
592,ADD,502,BUY,LIMIT,9828,136
593,CANCEL,161,BUY,LIMIT,9833,42
594,CANCEL,164,BUY,LIMIT,9786,1
595,ADD,503,BUY,LIMIT,9825,110
596,ADD,504,SELL,LIMIT,9859,99
597,ADD,505,SELL,LIMIT,9845,68
598,ADD,506,BUY,LIMIT,9809,2
599,ADD,507,BUY,LIMIT,9819,115
600,ADD,508,BUY,LIMIT,9800,66
601,ADD,509,BUY,LIMIT,9793,75
602,ADD,510,SELL,LIMIT,9821,104
603,ADD,511,SELL,LIMIT,9800,71
604,CANCEL,314,SELL,LIMIT,10003,45
605,CANCEL,438,SELL,LIMIT,10018,131
606,ADD,512,BUY,LIMIT,9811,55
607,ADD,513,BUY,LIMIT,9875,98
608,ADD,514,BUY,LIMIT,9899,111
609,ADD,515,BUY,LIMIT,9877,69
610,ADD,516,BUY,LIMIT,9824,160
611,CANCEL,173,BUY,LIMIT,9854,66
612,CANCEL,515,BUY,LIMIT,9877,69
613,ADD,517,SELL,MARKET,0,16
614,ADD,518,BUY,LIMIT,9823,124
615,ADD,519,BUY,LIMIT,9829,64
616,ADD,520,SELL,LIMIT,9841,149
617,CANCEL,395,BUY,LIMIT,9895,131
618,ADD,521,SELL,LIMIT,9873,110
619,CANCEL,424,SELL,LIMIT,10056,74
620,CANCEL,273,SELL,LIMIT,10012,78
621,ADD,522,BUY,LIMIT,9864,120
622,ADD,523,SELL,MARKET,0,151
623,CANCEL,500,BUY,LIMIT,9818,42
624,CANCEL,416,SELL,LIMIT,10003,1
625,ADD,524,SELL,LIMIT,9910,73
626,ADD,525,SELL,LIMIT,9848,49
627,ADD,526,BUY,LIMIT,9857,49
628,CANCEL,297,SELL,LIMIT,10004,106
629,ADD,527,BUY,LIMIT,9838,40
630,ADD,528,SELL,LIMIT,9888,100
631,ADD,529,SELL,LIMIT,9861,29
632,ADD,530,BUY,LIMIT,9809,36
633,CANCEL,508,BUY,LIMIT,9800,66
634,ADD,531,BUY,LIMIT,9829,127
635,CANCEL,480,BUY,LIMIT,9867,151
636,ADD,532,SELL,LIMIT,9822,34
637,ADD,533,BUY,LIMIT,9834,59
638,ADD,534,SELL,LIMIT,9843,10
639,ADD,535,SELL,MARKET,0,17
640,ADD,536,SELL,LIMIT,9865,102
641,ADD,537,SELL,LIMIT,9874,37
642,ADD,538,SELL,LIMIT,9920,123
643,ADD,539,BUY,LIMIT,9879,139
644,ADD,540,BUY,MARKET,0,11
645,ADD,541,BUY,LIMIT,9893,78
646,ADD,542,BUY,LIMIT,9885,57
647,ADD,543,SELL,LIMIT,9914,79
648,CANCEL,437,SELL,LIMIT,10051,68
649,ADD,544,BUY,LIMIT,9887,95
650,CANCEL,519,BUY,LIMIT,9829,64
651,ADD,545,SELL,LIMIT,9898,66
652,ADD,546,BUY,LIMIT,9912,110
653,ADD,547,SELL,LIMIT,9927,27
654,ADD,548,BUY,LIMIT,9866,70
655,ADD,549,BUY,LIMIT,9860,55
656,ADD,550,SELL,MARKET,0,105
657,CANCEL,503,BUY,LIMIT,9825,110
658,ADD,551,BUY,LIMIT,9910,57
659,ADD,552,BUY,LIMIT,9843,44
660,ADD,553,SELL,MARKET,0,128
661,ADD,554,BUY,LIMIT,9846,77
662,ADD,555,SELL,LIMIT,9888,66
663,ADD,556,BUY,LIMIT,9887,63
664,ADD,557,BUY,MARKET,0,73
665,ADD,558,SELL,LIMIT,9944,40
666,ADD,559,BUY,LIMIT,9886,127
667,ADD,560,BUY,LIMIT,9883,61
668,ADD,561,SELL,LIMIT,9859,172
669,ADD,562,BUY,LIMIT,9868,115
670,ADD,563,SELL,MARKET,0,76
671,ADD,564,SELL,LIMIT,9900,81
672,ADD,565,BUY,LIMIT,9852,112
673,ADD,566,SELL,LIMIT,9903,87
674,ADD,567,SELL,LIMIT,9907,55
675,ADD,568,BUY,LIMIT,9883,103
676,ADD,569,BUY,LIMIT,9918,94
677,ADD,570,SELL,LIMIT,9878,26
678,ADD,571,SELL,LIMIT,9909,94
679,ADD,572,BUY,LIMIT,9875,80
680,CANCEL,572,BUY,LIMIT,9875,80
681,ADD,573,BUY,LIMIT,9895,56
682,ADD,574,BUY,LIMIT,9907,90
683,ADD,575,SELL,MARKET,0,52
684,ADD,576,BUY,LIMIT,9923,90
685,ADD,577,BUY,LIMIT,9871,83
686,ADD,578,SELL,LIMIT,9909,32
687,ADD,579,SELL,LIMIT,9888,60
688,ADD,580,SELL,LIMIT,9876,22
689,ADD,581,SELL,LIMIT,9854,19
690,ADD,582,BUY,MARKET,0,93
691,ADD,583,SELL,LIMIT,9810,36
692,CANCEL,543,SELL,LIMIT,9914,72
693,ADD,584,SELL,LIMIT,9842,1
694,ADD,585,BUY,LIMIT,9819,64
695,ADD,586,SELL,LIMIT,9829,125
696,ADD,587,SELL,LIMIT,9848,97
697,ADD,588,BUY,LIMIT,9796,60
698,ADD,589,SELL,LIMIT,9845,88
699,ADD,590,SELL,LIMIT,9807,97
700,ADD,591,BUY,LIMIT,9841,60
701,CANCEL,418,SELL,LIMIT,10026,115
702,CANCEL,481,BUY,LIMIT,9864,12
703,CANCEL,531,BUY,LIMIT,9829,127
704,ADD,592,BUY,LIMIT,9832,78
705,CANCEL,506,BUY,LIMIT,9809,2
706,ADD,593,BUY,LIMIT,9877,112
707,ADD,594,BUY,LIMIT,9876,90
708,ADD,595,BUY,LIMIT,9859,115
709,ADD,596,SELL,LIMIT,9859,22
710,ADD,597,SELL,LIMIT,9863,78
711,ADD,598,BUY,MARKET,0,45
712,ADD,599,SELL,LIMIT,9824,70
713,ADD,600,SELL,LIMIT,9823,78
714,ADD,601,SELL,LIMIT,9775,41
715,CANCEL,140,BUY,LIMIT,9848,151
716,ADD,602,BUY,LIMIT,9784,100
717,ADD,603,BUY,LIMIT,9796,78
718,ADD,604,SELL,LIMIT,9789,23
719,ADD,605,SELL,LIMIT,9845,50
720,ADD,606,BUY,LIMIT,9855,83
721,ADD,607,SELL,LIMIT,9897,65
722,ADD,608,SELL,LIMIT,9839,125
723,ADD,609,SELL,LIMIT,9896,20
724,ADD,610,SELL,LIMIT,9859,113
725,ADD,611,BUY,LIMIT,9863,141
726,ADD,612,BUY,LIMIT,9815,165
727,ADD,613,SELL,MARKET,0,56
728,ADD,614,SELL,MARKET,0,30
729,CANCEL,602,BUY,LIMIT,9784,100
730,CANCEL,266,SELL,LIMIT,10050,103
731,ADD,615,SELL,LIMIT,9833,43
732,ADD,616,SELL,LIMIT,9833,84
733,ADD,617,BUY,LIMIT,9814,22
734,ADD,618,SELL,LIMIT,9857,30
735,ADD,619,SELL,LIMIT,9869,52
736,ADD,620,BUY,LIMIT,9841,89
737,ADD,621,SELL,LIMIT,9857,13
738,ADD,622,SELL,LIMIT,9867,50
739,ADD,623,BUY,LIMIT,9809,7
740,CANCEL,422,SELL,LIMIT,10015,58
741,ADD,624,BUY,LIMIT,9839,43
742,ADD,625,SELL,MARKET,0,63
743,ADD,626,SELL,LIMIT,9826,75
744,CANCEL,496,BUY,LIMIT,9821,31
745,ADD,627,SELL,LIMIT,9844,128
746,ADD,628,SELL,LIMIT,9838,60
747,ADD,629,BUY,LIMIT,9803,40
748,ADD,630,BUY,LIMIT,9835,73
749,ADD,631,BUY,LIMIT,9779,86
750,CANCEL,630,BUY,LIMIT,9835,73
751,ADD,632,SELL,LIMIT,9855,98
752,ADD,633,BUY,MARKET,0,98
753,ADD,634,BUY,LIMIT,9809,84
754,CANCEL,433,SELL,LIMIT,10034,75
755,ADD,635,BUY,LIMIT,9796,84
756,CANCEL,160,BUY,LIMIT,9809,134
757,ADD,636,BUY,MARKET,0,32
758,ADD,637,BUY,LIMIT,9799,1
759,CANCEL,445,SELL,LIMIT,9998,101
760,CANCEL,260,SELL,LIMIT,10032,13
761,ADD,638,SELL,LIMIT,9854,31
762,ADD,639,BUY,LIMIT,9806,35
763,ADD,640,BUY,LIMIT,9808,25
764,ADD,641,SELL,LIMIT,9843,63
765,ADD,642,BUY,LIMIT,9846,82
766,ADD,643,BUY,LIMIT,9827,117
767,ADD,644,BUY,LIMIT,9804,33
768,ADD,645,BUY,LIMIT,9833,118
769,ADD,646,BUY,LIMIT,9830,116
770,CANCEL,441,SELL,LIMIT,9999,28
771,ADD,647,SELL,LIMIT,9832,83
772,ADD,648,BUY,LIMIT,9827,42
773,CANCEL,516,BUY,LIMIT,9824,160
774,ADD,649,SELL,LIMIT,9821,41
775,CANCEL,585,BUY,LIMIT,9819,64
776,CANCEL,622,SELL,LIMIT,9867,50
777,ADD,650,BUY,LIMIT,9758,71
778,ADD,651,BUY,LIMIT,9833,116
779,ADD,652,BUY,LIMIT,9810,66
780,ADD,653,BUY,LIMIT,9815,113
781,ADD,654,BUY,LIMIT,9788,91
782,CANCEL,617,BUY,LIMIT,9814,22
783,ADD,655,BUY,LIMIT,9805,145
784,ADD,656,SELL,LIMIT,9816,27
785,ADD,657,SELL,LIMIT,9777,81
786,ADD,658,SELL,MARKET,0,37
787,ADD,659,BUY,LIMIT,9806,93
788,CANCEL,645,BUY,LIMIT,9833,118
789,ADD,660,SELL,LIMIT,9849,92
790,ADD,661,SELL,LIMIT,9794,65
791,ADD,662,SELL,LIMIT,9828,142
792,ADD,663,BUY,LIMIT,9804,36
793,ADD,664,SELL,LIMIT,9808,126
794,ADD,665,BUY,LIMIT,9731,142
795,ADD,666,SELL,LIMIT,9771,88
796,CANCEL,621,SELL,LIMIT,9857,11
797,ADD,667,BUY,LIMIT,9791,93
798,ADD,668,BUY,MARKET,0,45
799,ADD,669,SELL,LIMIT,9805,131
800,ADD,670,SELL,LIMIT,9826,45
801,CANCEL,637,BUY,LIMIT,9799,1
802,ADD,671,BUY,LIMIT,9755,47
803,ADD,672,SELL,LIMIT,9769,91
804,CANCEL,644,BUY,LIMIT,9804,33
805,ADD,673,SELL,LIMIT,9811,52
806,ADD,674,SELL,LIMIT,9813,60
807,ADD,675,SELL,LIMIT,9805,90
808,ADD,676,BUY,LIMIT,9777,116
809,ADD,677,SELL,LIMIT,9809,50
810,ADD,678,BUY,LIMIT,9791,85
811,ADD,679,BUY,LIMIT,9782,137
812,ADD,680,BUY,LIMIT,9815,107
813,ADD,681,SELL,LIMIT,9799,14
814,ADD,682,SELL,LIMIT,9838,100
815,ADD,683,SELL,LIMIT,9824,73
816,CANCEL,680,BUY,LIMIT,9815,107
817,ADD,684,BUY,LIMIT,9825,125
818,ADD,685,BUY,MARKET,0,86
819,CANCEL,654,BUY,LIMIT,9788,91
820,ADD,686,BUY,LIMIT,9824,26
821,ADD,687,SELL,LIMIT,9900,86
822,ADD,688,SELL,LIMIT,9854,61
823,ADD,689,SELL,LIMIT,9870,48
824,ADD,690,BUY,LIMIT,9849,21
825,CANCEL,607,SELL,LIMIT,9897,65
826,CANCEL,688,SELL,LIMIT,9854,61
827,ADD,691,BUY,LIMIT,9857,128
828,ADD,692,SELL,LIMIT,9903,75
829,ADD,693,BUY,LIMIT,9829,91
830,ADD,694,BUY,LIMIT,9840,47
831,ADD,695,SELL,LIMIT,9921,68
832,ADD,696,SELL,LIMIT,9909,8
833,ADD,697,BUY,LIMIT,9857,38
834,ADD,698,SELL,LIMIT,9881,70
835,ADD,699,BUY,LIMIT,9885,56
836,CANCEL,667,BUY,LIMIT,9791,93
837,CANCEL,695,SELL,LIMIT,9921,68
838,ADD,700,BUY,LIMIT,9926,70
839,CANCEL,623,BUY,LIMIT,9809,7
840,ADD,701,SELL,LIMIT,9894,36
841,ADD,702,SELL,LIMIT,9934,97
842,CANCEL,634,BUY,LIMIT,9809,84
843,CANCEL,512,BUY,LIMIT,9811,55
844,ADD,703,BUY,LIMIT,9905,108
845,CANCEL,558,SELL,LIMIT,9944,40
846,ADD,704,SELL,LIMIT,9913,144
847,ADD,705,BUY,LIMIT,9897,115
848,ADD,706,BUY,LIMIT,9907,82
849,ADD,707,BUY,LIMIT,9910,159
850,ADD,708,BUY,LIMIT,9944,76
851,ADD,709,SELL,LIMIT,9938,76
852,CANCEL,239,SELL,LIMIT,10016,50
853,CANCEL,665,BUY,LIMIT,9731,142
854,ADD,710,SELL,LIMIT,9974,117
855,ADD,711,BUY,LIMIT,9948,88
856,ADD,712,BUY,LIMIT,9996,60
857,CANCEL,152,BUY,LIMIT,9814,54
858,CANCEL,507,BUY,LIMIT,9819,61
859,ADD,713,SELL,LIMIT,10010,84
860,ADD,714,BUY,LIMIT,9962,98
861,ADD,715,BUY,LIMIT,9929,1
862,ADD,716,BUY,MARKET,0,113
863,ADD,717,SELL,LIMIT,9987,145
864,ADD,718,BUY,MARKET,0,93
865,ADD,719,BUY,LIMIT,9960,63
866,ADD,720,BUY,LIMIT,9966,84
867,ADD,721,SELL,LIMIT,9948,30
868,ADD,722,SELL,LIMIT,9955,75
869,ADD,723,BUY,LIMIT,9918,73
870,ADD,724,SELL,LIMIT,9926,59
871,ADD,725,SELL,LIMIT,9971,55
872,ADD,726,SELL,MARKET,0,30
873,ADD,727,SELL,LIMIT,9944,53
874,ADD,728,BUY,LIMIT,9938,75
875,ADD,729,SELL,LIMIT,9915,35
876,ADD,730,SELL,LIMIT,9976,40
877,CANCEL,663,BUY,LIMIT,9804,36
878,ADD,731,BUY,LIMIT,9972,34
879,CANCEL,255,SELL,LIMIT,10037,57
880,ADD,732,SELL,MARKET,0,100
881,ADD,733,SELL,LIMIT,9896,42
882,CANCEL,713,SELL,LIMIT,10010,84
883,ADD,734,SELL,LIMIT,9896,154
884,ADD,735,BUY,LIMIT,9915,99
885,ADD,736,SELL,LIMIT,9878,49
886,ADD,737,BUY,LIMIT,9912,31
887,ADD,738,SELL,LIMIT,9913,125
888,ADD,739,SELL,LIMIT,9910,58
889,ADD,740,SELL,LIMIT,9867,39
890,ADD,741,BUY,LIMIT,9886,61
891,ADD,742,BUY,LIMIT,9880,117
892,CANCEL,300,SELL,LIMIT,10000,68
893,CANCEL,509,BUY,LIMIT,9793,75
894,CANCEL,440,SELL,LIMIT,10043,21
895,ADD,743,SELL,LIMIT,9949,55
896,ADD,744,SELL,LIMIT,9929,114
897,ADD,745,SELL,LIMIT,9898,74
898,CANCEL,259,SELL,LIMIT,10051,33
899,CANCEL,743,SELL,LIMIT,9949,55
900,ADD,746,BUY,LIMIT,9838,1
901,ADD,747,SELL,LIMIT,9910,48
902,ADD,748,BUY,LIMIT,9871,58
903,ADD,749,BUY,LIMIT,9860,42
904,ADD,750,SELL,LIMIT,9896,64
905,ADD,751,SELL,LIMIT,9921,73
906,ADD,752,SELL,MARKET,0,112
907,ADD,753,SELL,LIMIT,9933,71
908,ADD,754,SELL,LIMIT,9914,56
909,ADD,755,BUY,LIMIT,9889,54
910,ADD,756,SELL,MARKET,0,103
911,ADD,757,BUY,LIMIT,9855,72
912,ADD,758,BUY,LIMIT,9914,80
913,ADD,759,BUY,LIMIT,9881,96
914,ADD,760,BUY,LIMIT,9883,2
915,ADD,761,BUY,LIMIT,9900,91
916,ADD,762,SELL,LIMIT,9957,99
917,ADD,763,BUY,LIMIT,9930,174
918,ADD,764,BUY,LIMIT,9938,3
919,ADD,765,SELL,LIMIT,9938,144
920,ADD,766,BUY,LIMIT,9979,97
921,ADD,767,BUY,LIMIT,10034,21
922,ADD,768,SELL,LIMIT,10020,72
923,ADD,769,BUY,LIMIT,10031,104
924,ADD,770,SELL,LIMIT,10067,69
925,ADD,771,BUY,LIMIT,10042,90
926,ADD,772,BUY,LIMIT,10030,97
927,ADD,773,SELL,MARKET,0,143
928,ADD,774,SELL,LIMIT,10062,45
929,ADD,775,SELL,LIMIT,10070,44
930,ADD,776,BUY,LIMIT,10017,134
931,ADD,777,SELL,LIMIT,10066,75
932,ADD,778,SELL,LIMIT,10032,174
933,CANCEL,693,BUY,LIMIT,9829,91
934,CANCEL,612,BUY,LIMIT,9815,165
935,ADD,779,BUY,LIMIT,10083,83
936,ADD,780,SELL,LIMIT,10118,79
937,ADD,781,BUY,LIMIT,10110,56
938,ADD,782,SELL,LIMIT,10117,63
939,ADD,783,SELL,LIMIT,10085,28
940,ADD,784,SELL,LIMIT,10085,52
941,ADD,785,SELL,LIMIT,10135,84
942,ADD,786,BUY,LIMIT,10088,81
943,ADD,787,SELL,LIMIT,10076,69
944,ADD,788,BUY,LIMIT,10056,84
945,ADD,789,SELL,LIMIT,10087,80
946,ADD,790,SELL,LIMIT,10056,1
947,ADD,791,BUY,LIMIT,10110,60
948,ADD,792,SELL,LIMIT,10105,105
949,ADD,793,BUY,LIMIT,10080,72
950,ADD,794,BUY,LIMIT,10072,36
951,ADD,795,BUY,MARKET,0,66
952,ADD,796,BUY,LIMIT,10128,96
953,ADD,797,SELL,LIMIT,10143,55
954,ADD,798,BUY,LIMIT,10058,86
955,ADD,799,BUY,LIMIT,10041,92
956,ADD,800,BUY,LIMIT,10056,14
957,ADD,801,BUY,LIMIT,10034,49
958,ADD,802,SELL,LIMIT,10084,96
959,ADD,803,SELL,LIMIT,10069,1
960,ADD,804,BUY,LIMIT,10000,131
961,ADD,805,BUY,LIMIT,10018,2
962,CANCEL,768,SELL,LIMIT,10020,50
963,ADD,806,BUY,LIMIT,9997,55
964,CANCEL,777,SELL,LIMIT,10066,75
965,ADD,807,BUY,LIMIT,10000,101
966,ADD,808,SELL,LIMIT,10018,54
967,CANCEL,603,BUY,LIMIT,9796,78
968,ADD,809,BUY,LIMIT,9993,36
969,CANCEL,678,BUY,LIMIT,9791,85
970,ADD,810,SELL,LIMIT,9973,26
971,ADD,811,SELL,MARKET,0,76
972,ADD,812,BUY,LIMIT,10000,162
973,ADD,813,SELL,LIMIT,10022,70
974,ADD,814,SELL,LIMIT,10069,86
975,ADD,815,SELL,LIMIT,10095,24
976,ADD,816,SELL,LIMIT,10073,151
977,ADD,817,SELL,LIMIT,10074,66
978,ADD,818,BUY,LIMIT,10040,83
979,ADD,819,BUY,LIMIT,10034,75
980,CANCEL,778,SELL,LIMIT,10032,174
981,ADD,820,SELL,LIMIT,10033,33
982,ADD,821,SELL,LIMIT,10037,62
983,CANCEL,655,BUY,LIMIT,9805,145
984,ADD,822,SELL,LIMIT,10035,117
985,CANCEL,757,BUY,LIMIT,9855,72
986,CANCEL,588,BUY,LIMIT,9796,60
987,ADD,823,BUY,LIMIT,9994,86
988,ADD,824,SELL,LIMIT,10009,36
989,ADD,825,SELL,LIMIT,10000,68
990,ADD,826,SELL,LIMIT,9963,165
991,ADD,827,BUY,LIMIT,9943,57
992,ADD,828,BUY,LIMIT,9971,82
993,ADD,829,BUY,LIMIT,9918,23
994,ADD,830,BUY,LIMIT,9957,66
995,ADD,831,SELL,LIMIT,9981,99
996,ADD,832,BUY,MARKET,0,82
997,ADD,833,BUY,LIMIT,9939,9
998,ADD,834,BUY,LIMIT,9952,88
999,ADD,835,SELL,MARKET,0,86
1000,ADD,836,SELL,LIMIT,9939,38
